INSERT INTO MsLocation VALUES
('JCN-L5288', 'Jakarta', 'Indonesia', '15810', '-16.857489', '149.784629'),
('JCN-L3298', 'Palembang', 'Indonesia', '18392', '-77.357479', '168.757380'),
('JCN-L7175', 'Pekanbaru', 'Indonesia', '13728', '43.580374', '-7.547857'),
('JCN-L4273', 'Surkarta', 'Indonesia', '19702', '58.057384', '-121.508343'),
('JCN-L6249', 'Malang', 'Indonesia', '10584', '-61.590852', '99.298432'),
('JCN-L6173', 'Jakarta', 'Indonesia', '15818', '-16.573279', '150.483642'),
('JCN-L4269', 'Bali', 'Indonesia', '17473', '88.168888', '-153.842302'),
('JCN-L7254', 'Banjarmasin', 'Indonesia', '27383', '-2.423993', '12.472939'),
('JCN-L5115', 'Makassar', 'Indonesia', '34892', '-14.574728', '-100.534873'),
('JCN-L6243', 'Jambi', 'Indonesia', '19382', '22.090400', '9.616949'),
('JCN-L3168', 'Palu', 'Indonesia', '38292', '-45.170845', '-136.183180')

INSERT INTO MsMemory VALUES 
('JCN-M3177', 'NeoNimbus', 'NN001', '19000', '1500', '32'),
('JCN-M3178', 'CerebroCache', 'CC002', '20000', '1700', '16'),
('JCN-M3179', 'SynapTech', 'ST003', '23000', '1250', '128'),
('JCN-M3189', 'NeuroTrace', 'NT005', '24000', '1298', '128'),
('JCN-M4267', 'InfiniteRecall', 'IR005', '25000', '3000', '64'),
('JCN-M4268', 'LuminaLink', 'LL005', '32000', '2372', '32'),
('JCN-M4269', 'IntelliMemo', 'IM005', '35000', '1203', '256'),
('JCN-M5172', 'MindScribe', 'MS005', '55000', '3560', '128'),
('JCN-M5173', 'MemoraSphere', 'MS002', '62000', '3561', '16'),
('JCN-M5174', 'CortexConnect', 'CC005', '48000', '3562', '64'),
('JCN-M5175', 'ThoughtNet', 'TN005', '56000', '4598', '256')

INSERT INTO MsCustomer VALUES
('JCN-C3100','Samuel Michael', 'Male', 'samuelmm@gmail.com', '2004-01-07', '082726162172', 'Jalan Kacang Merah 28'),
('JCN-C7201','Jason Tjandra', 'Male', 'jasontjc@gmail.com', '2004-08-09', '082272019281', 'Jalan Pangeran Antasari 9'),
('JCN-C5102','Calvina Kusuma', 'Female', 'calvinam@gmail.com', '2004-12-10', '083476958001', 'Jalan Ayam Bakar 15'),
('JCN-C4203','William Meredith', 'Male', 'kokoiam@gmail.com', '2004-11-25', '089652761433', 'Jalan Petani Jaya 10'),
('JCN-C4204','Andi Effendi', 'Male', 'andiandii@gmail.com', '2005-10-09', '088276434300', 'Jalan Candi Muara 150'),
('JCN-C6105','Sumardji Kuswanto', 'Male', 'sumardfji@gmail.com', '2005-04-01', '083746454592', 'Jalan Prambanan 14'),
('JCN-C3206','Marsel Aryo', 'Male', 'marselfdino@gmail.com', '2002-08-17', '083938899270', 'Jalan Borobudur 7'),
('JCN-C5107','Reina Akinawa', 'Female', 'reinas@gmail.com', '2003-11-06', '082873827316', 'Jalan Sriwijaya 27'),
('JCN-C4108','Sekar Ayu', 'Female', 'sekarayup@gmail.com', '2001-06-06', '088672611552', 'Jalan Melati 13'),
('JCN-C6209','Fani Kusnadi', 'Female', 'faniiiib@gmail.com', '2001-01-15', '082769955140', 'Jalan Nasional 33'),
('JCN-C4110','Nando Wijaya', 'Male', 'nandoaryoo@gmail.com', '2000-03-26', '081281726556', 'Jalan Harum Manis 20'),
('JCN-C3271','James Patjul', 'Male', 'jemspatjul@gmail.com', '1999-02-11', '09127266695', 'Jalan Harum Manis 12')

INSERT INTO MsStaff VALUES
('JCN-S4134','Putri Martini','Female','putrimart@gmail.com','2003-04-12','081920293434','Jalan Kantin 23',19000000),
('JCN-S3235','Honda Moriyashu','Male','hondasyu@gmail.com','2003-06-12','081924093467','Jalan Pepaya 16',17000000),
('JCN-S5236','Tetsu Tesiya','Female','tetsutes@gmail.com','2003-01-17','081785049016','Jalan Roma 6',18000000),
('JCN-S5137','Hiro Nagasaki','Male','hironaga@gmail.com','2003-05-02','081744577875','Jalan Kunir 90',15000000),
('JCN-S7238','Suna Isaka','Female','sunaisa@gmail.com','2001-04-14','081929202934','Jalan Sirsak 55',12000000),
('JCN-S4139','Maun Tegawinii','Male','maunteg@gmail.com','2002-07-22','081980783234','Jalan Sinabung 21',14000000),
('JCN-S3141','Barni Janis','Female','barnijan@gmail.com','2001-12-20','081526233434','Jalan Amethyst',19000000),
('JCN-S7242','Mina Subagi','Female','minasu@gmail.com','2003-04-12','081920296434','Jalan Poris 23',15000000),
('JCN-S5243','Putra Martono','Male','putrama@gmail.com','2005-05-10','081970897234','Jalan Banjar 10',12000000),
('JCN-S6244','Sami Maharani','Male','samima@gmail.com','2002-05-09','081443502637','Jalan Lamet 32',12000000),
('JCN-S3211', 'Natasya Mulin', 'Female', 'natasya@gmail.com', '2003-07-06', '081223345678', 'Jalan Apit 22', 10000000),
('JCN-S3222', 'Amina Salim', 'Female', 'asalim@gmail.com', '2003-06-08', '08122334549', 'Jalan Selamet 18', 15200000)

INSERT INTO MsProcessor VALUES
('JCN-P5134', 'Intel I9 9900','I99900K','6500000','5800','16'),
('JCN-P3235', 'Amd Ryzen 5 5600','A55600','2500000','2500','6'),
('JCN-P7236', 'Intel I7 6700','I76700K','1800000','4600','8'),
('JCN-P4137', 'Amd Ryzen 5 5600','A55600X','3400000','1900','16'),
('JCN-P3138', 'Intel I5 5500','I55500','1200000','3200','20'),
('JCN-P5239', 'Intel I3 10100','I310100f','1100000','4950','16'),
('JCN-P6141', 'Intel I3 10150','I310150','1150000','4200','18'),
('JCN-P6242', 'Intel I5 10600','I510600','2500000','2900','6'),
('JCN-P3143', 'Intel I5 6600','I56600k','800000','4200','24'),
('JCN-P4144', 'Intel I9 9800','I99800','5600000','2800','22'),
('JCN-P5177', 'Intel I9 9900', 'I99900', '580000', '5700', '10')

INSERT INTO MsServer VALUES 
('JCN-V4222', 'JCN-M3177', 'JCN-P5134', 'JCN-L5288', 120000000),
('JCN-V4233', 'JCN-M3178', 'JCN-P3235', 'JCN-L3298', 69000000),
('JCN-V4244', 'JCN-M3179', 'JCN-P7236', 'JCN-L7175', 60000000),
('JCN-V4255', 'JCN-M3189', 'JCN-P4137', 'JCN-L4273', 90000000),
('JCN-V4266', 'JCN-M4267', 'JCN-P3138', 'JCN-L6249', 55000000),
('JCN-V5122', 'JCN-M4268', 'JCN-P5239', 'JCN-L6173', 20000000),
('JCN-V5133', 'JCN-M4269', 'JCN-P6141', 'JCN-L4269', 240000000),
('JCN-V5144', 'JCN-M5172', 'JCN-P6242', 'JCN-L7254', 60000000),
('JCN-V5155', 'JCN-M5173', 'JCN-P3143', 'JCN-L5115', 80000000),
('JCN-V5166', 'JCN-M5174', 'JCN-P4144', 'JCN-L6243', 100000000),
('JCN-V5177', 'JCN-M5175', 'JCN-P5177', 'JCN-L3168', 35000000)

INSERT INTO SalesTransactionHeader VALUES
('JCN-S1168', 'JCN-C3100', 'JCN-S4134', '2020-12-12'),
('JCN-S0293', 'JCN-C7201', 'JCN-S3235', '2018-06-18'),
('JCN-S0148', 'JCN-C5102', 'JCN-S5236', '2021-02-21'),
('JCN-S1288', 'JCN-C4203', 'JCN-S5137', '2022-02-22'), 
('JCN-S0248', 'JCN-C4204', 'JCN-S6244', '2017-05-30'),
('JCN-S1234', 'JCN-C6105', 'JCN-S7238', '2018-03-24'),
('JCN-S1111', 'JCN-C3206', 'JCN-S4139', '2016-11-13'),
('JCN-S0246', 'JCN-C5107', 'JCN-S3141', '2020-03-16'),
('JCN-S1289', 'JCN-C4108', 'JCN-S7242', '2019-07-22'),
('JCN-S1137', 'JCN-C6209', 'JCN-S5243', '2023-02-14'),
('JCN-S0247', 'JCN-C5107', 'JCN-S6244', '2012-12-12'),
('JCN-S0100', 'JCN-C6209', 'JCN-S7242', '2023-01-23'),
('JCN-S0101', 'JCN-C3271', 'JCN-S4134', '2017-07-07'),
('JCN-S0102', 'JCN-C7201', 'JCN-S4139', '2021-04-17'),
('JCN-S0103', 'JCN-C4108', 'JCN-S3235', '2019-09-22'),
('JCN-S0104', 'JCN-C4204', 'JCN-S3235', '2020-10-29'),
('JCN-S0105', 'JCN-C7201', 'JCN-S6244', '2023-06-14'),
('JCN-S0106', 'JCN-C4108', 'JCN-S7242', '2022-01-02'),
('JCN-S0107', 'JCN-C6105', 'JCN-S5137', '2021-01-02'),
('JCN-S0108', 'JCN-C3206', 'JCN-S7238', '2016-09-30'),
('JCN-S0109', 'JCN-C4203', 'JCN-S3222', '2020-01-02'),
('JCN-S0110', 'JCN-C5107', 'JCN-S3141', '2017-06-11'),
('JCN-S0111', 'JCN-C5102', 'JCN-S6244', '2019-01-23'),
('JCN-S0112', 'JCN-C3271', 'JCN-S3211', '2020-11-12'),
('JCN-S0113', 'JCN-C6105', 'JCN-S3211', '2017-05-29')

INSERT INTO SalesTransactionDetail VALUES
('JCN-S1168', 'JCN-V4222', 3),
('JCN-S0293', 'JCN-V4222', 5),
('JCN-S0148', 'JCN-V4233', 7),
('JCN-S1288', 'JCN-V4233', 2),
('JCN-S0248', 'JCN-V4244', 1),
('JCN-S1234', 'JCN-V4244', 2),
('JCN-S1111', 'JCN-V4255', 5),
('JCN-S0246', 'JCN-V4255', 7),
('JCN-S1289', 'JCN-V4266', 8),
('JCN-S1137', 'JCN-V4266', 3),
('JCN-S0247', 'JCN-V5122', 2),
('JCN-S0100', 'JCN-V5122', 1),
('JCN-S0101', 'JCN-V5133', 3),
('JCN-S0102', 'JCN-V5133', 5),
('JCN-S0103', 'JCN-V5144', 6),
('JCN-S0104', 'JCN-V5144', 7),
('JCN-S0105', 'JCN-V5155', 8),
('JCN-S0106', 'JCN-V5155', 5),
('JCN-S0107', 'JCN-V5166', 3),
('JCN-S0108', 'JCN-V5166', 2),
('JCN-S0109', 'JCN-V5166', 1),
('JCN-S0110', 'JCN-V5166', 5),
('JCN-S0111', 'JCN-V5177', 3),
('JCN-S0112', 'JCN-V5177', 5),
('JCN-S0113', 'JCN-V5177', 7)


INSERT INTO RentalTransactionHeader VALUES
('JCN-R2100', 'JCN-S4134', 'JCN-C3100', '2020-01-09', 88),
('JCN-R2101', 'JCN-S4134', 'JCN-C3100', '2020-02-10', 56),
('JCN-R2102', 'JCN-S3235', 'JCN-C7201', '2020-03-17', 10), 
('JCN-R2103', 'JCN-S3235', 'JCN-C7201', '2020-11-19', 23),
('JCN-R2104', 'JCN-S5236', 'JCN-C5102', '2020-01-29', 37),
('JCN-R2105', 'JCN-S5236', 'JCN-C5102', '2020-03-11', 19),
('JCN-R2106', 'JCN-S5137', 'JCN-C4203', '2020-08-14', 40),
('JCN-R2107', 'JCN-S5137', 'JCN-C4203', '2021-01-25', 77),
('JCN-R2108', 'JCN-S7238', 'JCN-C4204', '2021-02-08', 31),
('JCN-R2109', 'JCN-S7238', 'JCN-C4204', '2021-04-18', 22),
('JCN-R2110', 'JCN-S4139', 'JCN-C6105', '2021-05-16', 13),
('JCN-R2111', 'JCN-S4139', 'JCN-C6105', '2021-06-18', 25),
('JCN-R2112', 'JCN-S3141', 'JCN-C3206', '2021-04-04', 12),
('JCN-R2113', 'JCN-S3141', 'JCN-C3206', '2021-05-20', 69),
('JCN-R2114', 'JCN-S7242', 'JCN-C5107', '2021-04-05', 18),
('JCN-R2115', 'JCN-S7242', 'JCN-C5107', '2021-07-19', 23),
('JCN-R2116', 'JCN-S5243', 'JCN-C4108', '2021-07-13', 28),
('JCN-R2117', 'JCN-S5243', 'JCN-C4108', '2021-08-24', 60),
('JCN-R2118', 'JCN-S6244', 'JCN-C6209', '2021-09-20', 70),
('JCN-R2119', 'JCN-S6244', 'JCN-C6209', '2021-10-07', 53),
('JCN-R2120', 'JCN-S3211', 'JCN-C4110', '2021-12-09', 45),
('JCN-R2121', 'JCN-S3211', 'JCN-C4110', '2022-01-01', 14),
('JCN-R2122', 'JCN-S3222', 'JCN-C3271', '2022-07-01', 27),
('JCN-R2123', 'JCN-S3222', 'JCN-C3271', '2022-02-12', 45),
('JCN-R2124', 'JCN-S3222', 'JCN-C3271', '2022-04-21', 81)

INSERT INTO RentalTransactionDetail VALUES
('JCN-R2100', 'JCN-V4222', 3),
('JCN-R2101', 'JCN-V4222', 5),
('JCN-R2102', 'JCN-V4233', 7),
('JCN-R2103', 'JCN-V4233', 5),
('JCN-R2104', 'JCN-V4244', 8),
('JCN-R2105', 'JCN-V4255', 5),
('JCN-R2106', 'JCN-V4255', 7),
('JCN-R2107', 'JCN-V4266', 6),
('JCN-R2108', 'JCN-V4266', 2),
('JCN-R2109', 'JCN-V5122', 1),
('JCN-R2110', 'JCN-V5122', 2),
('JCN-R2111', 'JCN-V5133', 5),
('JCN-R2112', 'JCN-V5133', 8),
('JCN-R2113', 'JCN-V5144', 7),
('JCN-R2114', 'JCN-V5144', 2),
('JCN-R2115', 'JCN-V5155', 3),
('JCN-R2116', 'JCN-V5155', 5),
('JCN-R2117', 'JCN-V5155', 2),
('JCN-R2118', 'JCN-V5166', 3),
('JCN-R2119', 'JCN-V5166', 1),
('JCN-R2120', 'JCN-V5166', 9),
('JCN-R2121', 'JCN-V5166', 8),
('JCN-R2122', 'JCN-V5177', 3),
('JCN-R2123', 'JCN-V5177', 5),
('JCN-R2124', 'JCN-V5177', 2)